Happy	(◕‿◕)	happy|smile|cute|joy
Happy	(＾▽＾)	happy|smile|cheerful
Happy	(^_^)	happy|smile|content
Happy	(≧◡≦)	happy|smile|joy|grin
Happy	(•‿•)	happy|smile|content
Happy	ヽ(•‿•)ノ	happy|cheer|hooray
Happy	٩(◕‿◕)۶	happy|joy|cheer|arms up
Happy	\(^o^)/	happy|hooray|cheer|banzai
Happy	(*^▽^*)	happy|smile|glad
Happy	(＾◡＾)	happy|smile
Happy	(⌒‿⌒)	happy|smile|content
Happy	(✿◠‿◠)	happy|flower|smile
Happy	(*´▽`*)	happy|smile|glad
Happy	ヾ(＾∇＾)	happy|joy|cheer
Happy	o(≧▽≦)o	happy|excited|joy
Happy	(☆▽☆)	happy|star|excited
Happy	(＾ω＾)	happy|smile|cute
Happy	♪(´▽｀)	happy|music|joy|singing
Happy	ヽ(´▽`)/	happy|cheer|hooray
Happy	(◠‿◠)	happy|smile|content
Happy	٩(＾◡＾)۶	happy|cheer|joy
Happy	ヽ(>∀<☆)ノ	happy|excited|cheer
Happy	(¬‿¬)	smug|smirk|sly|happy
Happy	(⌐■_■)	cool|sunglasses|boss|swag
Love	(♥‿♥)	love|heart|eyes|smitten
Love	(｡♥‿♥｡)	love|heart|smitten|crush
Love	(♡´▽`♡)	love|heart|blush|crush
Love	(˘³˘)♥	love|kiss|heart
Love	(づ｡◕‿‿◕｡)づ	love|hug|cute|embrace
Love	(づ￣ ³￣)づ	love|kiss|hug
Love	(*˘︶˘*).｡.:*♡	love|blush|happy|heart
Love	(♡˙︶˙♡)	love|heart|content
Love	(*^3^)/~☆	love|kiss|blow kiss|star
Love	(´∀`)♡	love|heart|happy
Love	(≧◡≦) ♡	love|heart|happy|joy
Love	(◕‿◕)♡	love|heart|cute
Love	(ღ˘⌣˘ღ)	love|heart|content|sweet
Love	♡＼(￣▽￣)／♡	love|happy|cheer|hearts
Love	(´｡• ω •｡`) ♡	love|cute|heart|shy
Love	(*♡∀♡)	love|heart|infatuated|crush
Love	(✿♥‿♥)	love|flower|heart|smitten
Love	(ノ´з`)ノ	love|kiss|cute
Greeting	(^_^)/	greeting|hello|hi|wave
Greeting	(｡･ω･)ﾉﾞ	greeting|hello|wave|hi
Greeting	ヾ(*'▽'*)	hello|hi|wave|greeting
Greeting	(・∀・)ノ	hello|wave|hi
Greeting	( ´ ▽ ` )ﾉ	hello|hi|wave
Greeting	(^-^)ノ~~	bye|goodbye|wave|farewell
Greeting	ノシ	goodbye|bye|wave
Greeting	(´｡• ω •｡`)ﾉ	hello|hi|shy wave
Greeting	(*´▽`*)ﾉ	hello|hi|wave
Greeting	( ^ω^)ﾉ	hello|hi|wave
Greeting	(^o^)ノ	hello|hi|wave
Greeting	(*・ω・)ﾉ	hello|hi|wave
Greeting	(≧∇≦)/	hello|hi|wave|cheer
Greeting	( ´∀`)/~~	bye|farewell|goodbye|wave
Greeting	m(_ _)m	bow|thanks|please|sorry|apology
Greeting	o/	wave|hello|hi
Greeting	\o/	hooray|cheer|praise|yay
Greeting	o7	salute|respect|aye
Greeting	(｀・ω・´)ゞ	salute|aye|roger|yes sir
Cute	(｡◕‿◕｡)	cute|sweet|smile
Cute	(◕‿◕✿)	cute|flower|sweet
Cute	(≧ω≦)	cute|happy|smile
Cute	(´･ω･`)	cute|calm|gentle|meh
Cute	(*´艸｀*)	cute|giggle|blush
Cute	(●´ω｀●)	cute|blush|happy
Cute	(｡･ω･｡)	cute|innocent|sweet
Cute	(•ω•)	cute|simple|smile
Cute	(´• ω •`)	cute|calm|soft
Cute	(*^‿^*)	cute|smile|sweet
Cute	(つ✧ω✧)つ	cute|sparkle|hug|reach
Cute	(๑>◡<๑)	cute|happy|excited
Cute	(^ω^)	cute|smile|happy
Cute	(⊙ω⊙)	cute|wide eyes|curious
Cute	(´ω｀)	cute|calm|soft
Cute	(●'◡'●)	cute|smile|happy
Cute	(๑•̀ㅂ•́)و✧	cute|determined|fight|ready
Cute	(☞ﾟ∀ﾟ)☞	cute|point|you|hey
Laughing	(≧▽≦)	laugh|lol|haha
Laughing	(^▽^)	laugh|haha|smile
Laughing	(*≧∀≦*)	laugh|lol|haha
Laughing	ヽ(≧□≦)ノ	laugh|haha|excited
Laughing	(ﾉ≧∀≦)ﾉ	laugh|haha|lol
Laughing	(^o^)	laugh|haha|open mouth|smile
Laughing	(＾ｖ＾)	laugh|smile|happy
Laughing	(`∀´)ψ	laugh|evil|muhaha|devil
Laughing	(≧∀≦)ゞ	laugh|lol|oops
Laughing	(*´∀`*)	laugh|giggle|happy
Laughing	(＾◇＾)	laugh|joy|happy
Laughing	(´∀`)	laugh|giggle|smile
Laughing	(ﾟ∀ﾟ)	laugh|derp|joy
Laughing	(･∀･)	laugh|giggle|smile
Laughing	(*ﾟ∀ﾟ*)	laugh|excited|joy
Laughing	ヾ(≧▽≦*)o	laugh|happy|cheer
Laughing	(⌒▽⌒)☆	laugh|happy|star
Laughing	(゜∀゜)	laugh|crazy|derp
Laughing	(≧ヮ≦)	laugh|excited|joy
Sad	(╥﹏╥)	sad|cry|tears|heartbroken
Sad	(T_T)	sad|cry|tears
Sad	(；＿；)	sad|cry|tears
Sad	(ಥ﹏ಥ)	sad|cry|tears|heartbroken
Sad	(´；ω；`)	sad|cry|tears
Sad	(｡•́︿•̀｡)	sad|pout|upset|down
Sad	(︶︹︺)	sad|gloomy|down|depressed
Sad	(ToT)	sad|cry|tears
Sad	(；ω；)	sad|cry|tears|sob
Sad	(´-ω-`)	sad|tired|down|sigh
Sad	o(TヘTo)	sad|cry|tears
Sad	(ノД`)	sad|cry|tears|sob
Sad	(´；Д；`)	sad|cry|tears|sob
Sad	orz	defeat|despair|kneel|failure|disappointed
Sad	(T▽T)	sad|cry|tears|happy cry
Sad	(●´⌓｀●)	sad|shy|down
Sad	(;_;)	sad|cry|tears
Angry	(╬ Ò﹏Ó)	angry|furious|rage
Angry	(ಠ_ಠ)	disapproval|stare|angry|look
Angry	(¬_¬)	annoyed|unimpressed|angry|side eye
Angry	(＃｀Д´)	angry|mad|furious
Angry	ヽ(｀Д´)ﾉ	angry|mad|rage|shout
Angry	(｀へ´)	angry|mad|grumpy
Angry	(҂`з´)	angry|mad|grumpy
Angry	(ノಠ益ಠ)ノ	angry|rage|furious
Angry	(▼皿▼#)	angry|mad|rage
Angry	(`皿´#)	angry|mad|rage
Angry	щ(゜ロ゜щ)	angry|no|nooo|shout
Angry	(`ー´)	angry|determined|smug
Angry	凸(｀0´)凸	angry|rude|flip off|middle finger
Angry	(≖_≖)	suspicious|angry|side eye|unimpressed
Angry	(ｰ_ｰ)!!	annoyed|angry|irritated
Angry	ψ(｀∇´)ψ	angry|devil|evil|mischievous
Surprised	(°o°)	surprised|shock|wow
Surprised	(°◇°)	surprised|shock|wow
Surprised	(O_O)	surprised|shock|stare
Surprised	(⊙_⊙)	surprised|shock|stare
Surprised	(◎_◎)	surprised|shock|stare
Surprised	Σ(°△°|||)	shocked|horror|gasp
Surprised	(ﾟДﾟ)	surprised|shock|gasp
Surprised	(゜ロ゜)	surprised|shock|gasp
Surprised	Σ(ﾟДﾟ)	shocked|gasp|surprised
Surprised	w(°ｏ°)w	surprised|shocked|wow
Surprised	ヽ(°〇°)ﾉ	surprised|shocked|wow
Surprised	(☉_☉)	surprised|stare|wide eyes
Surprised	(o_O)	surprised|confused|what
Surprised	(0_0)	surprised|shock|stare
Surprised	(((;ﾟДﾟ)))	shocked|scared|trembling|terrified
Surprised	(°ロ°)	surprised|shock|gasp
Embarrassed	(⁄ ⁄>⁄ ▽ ⁄<⁄ ⁄)	embarrassed|blush|shy
Embarrassed	(//▽//)	embarrassed|blush|shy
Embarrassed	(*/ω＼*)	embarrassed|shy|blush
Embarrassed	(〃▽〃)	blush|embarrassed|shy
Embarrassed	(/ω＼)	shy|hide|embarrassed
Embarrassed	(*ﾉωﾉ)	shy|blush|embarrassed
Embarrassed	(ノ∀＼)	shy|embarrassed|hide
Embarrassed	(-_-;)	embarrassed|sweat|nervous|worry
Embarrassed	(^_^;)	embarrassed|nervous|sweat|awkward
Embarrassed	(;･∀･)	sweat|nervous|awkward
Embarrassed	(＾＾;)	embarrassed|nervous|awkward
Embarrassed	(・・;)	sweat|nervous|worry
Embarrassed	(*/_＼)	shy|embarrassed|hide
Embarrassed	(/▿＼*)	shy|blush|embarrassed
Embarrassed	(つ﹏⊂)	shy|embarrassed|cover face|hide
Embarrassed	(〃ω〃)	blush|shy|cute
Embarrassed	(///▽///)	blush|shy|embarrassed
Embarrassed	(＞﹏＜)	embarrassed|nervous|cringe
Confused	(・_・?)	confused|what|huh
Confused	(?_?)	confused|puzzled|what
Confused	(´･_･`)	confused|worry|unsure
Confused	(⊙_☉)	confused|crazy|stare
Confused	(◎ー◎;)	confused|nervous|stare
Confused	(゜-゜)	confused|blank|expressionless
Confused	(⊙﹏⊙)	confused|worried|nervous
Confused	(・へ・)	confused|doubtful|unsure
Confused	(？_？)	confused|puzzled|question
Confused	(@_@)	dizzy|confused|spiral
Confused	(x_x)	dizzy|dead|knocked out
Confused	(＠_＠)	dizzy|confused|spiral
Confused	(◔_◔)	confused|stare|curious
Confused	(@_@;)	dizzy|confused|nervous
Confused	(°_°)	confused|blank|stare
Confused	(・ω・?)	confused|curious|what
Shrug & Apathetic	¯\_(ツ)_/¯	shrug|whatever|idk|dunno
Shrug & Apathetic	¯\(°_o)/¯	shrug|idk|dunno|confused
Shrug & Apathetic	┐(´д`)┌	shrug|whatever|meh|helpless
Shrug & Apathetic	┐('～`；)┌	shrug|helpless|meh
Shrug & Apathetic	¯\_(ʘ‿ʘ)_/¯	shrug|idk|whatever|dunno
Shrug & Apathetic	(・_・)	blank|neutral|apathetic|expressionless
Shrug & Apathetic	(￢_￢)	unimpressed|apathetic|side eye|meh
Shrug & Apathetic	(-_-)	meh|bored|expressionless|apathetic
Shrug & Apathetic	(ーー゛)	meh|bored|apathetic
Shrug & Apathetic	(´_ゝ`)	meh|unimpressed|bored|apathetic
Shrug & Apathetic	(._.)	meh|sigh|bored|blank
Shrug & Apathetic	(−_−)	meh|bored|unimpressed
Shrug & Apathetic	ヽ(´ー｀)ノ	chill|relax|peace|whatever
Shrug & Apathetic	ヽ(ー_ー )ノ	shrug|meh|confused|whatever
Shrug & Apathetic	(︶︹︶)	apathetic|gloomy|bored
Shrug & Apathetic	┐(￣ヘ￣)┌	shrug|helpless|whatever|meh
Sleepy	(－_－) zzZ	sleep|tired|sleepy|zzz
Sleepy	(-.-)Zzz…	sleep|tired|dozing|zzz
Sleepy	(￣o￣) zzZZzzZZ	sleep|zzz|snore
Sleepy	(´-ω-`) zzZ	sleep|tired|dozing
Sleepy	(＿ ＿*) Z z z	sleep|zzz|tired
Sleepy	(-_-)zzz	sleep|tired|zzz
Sleepy	( ˘ω˘ )zzz	sleep|snooze|zzz
Sleepy	(｡-ω-)zzz	sleep|zzz|dream
Sleepy	(=_=)	tired|exhausted|sleepy
Sleepy	(´～｀)zzZ	sleep|zzz|tired
Sleepy	(￣～￣;)	tired|bored|sweat
Sleepy	(´Д｀)=3	tired|sigh|exhausted|yawn
Sleepy	(ーωー)	sleepy|calm|eyes closed
Sleepy	( ´ー`)zzZ	sleep|zzz|nap
Animals	=^.^=	cat|kitty|neko
Animals	(=^･ω･^=)	cat|kitty|neko
Animals	(=^･^=)	cat|kitty|neko
Animals	(^･ｪ･^)	dog|puppy|animal
Animals	(^._.^)ﾉ	cat|kitty|wave
Animals	(=ↀωↀ=)	cat|neko|kitty
Animals	(=①ω①=)	cat|neko|kitty
Animals	(＾• ω •＾)	cat|kitty|neko
Animals	(Φ ω Φ)	cat|neko|kitty
Animals	~(=^‥^)ノ	cat|kitty|neko|wave
Animals	(=^-ω-^=)	cat|kitty|sleepy cat
Animals	(^・ω・^ )	cat|kitty|neko
Animals	>°))))彡	fish|swim|sea
Animals	><(((º>	fish|swim|sea
Animals	<コ:彡	squid|octopus|sea|ika
Animals	(・(ｪ)・)	bear|animal|cute
Animals	( ´(ｪ)`)	bear|animal|cute
Animals	(•ө•)	animal|bear|cute
Animals	ʕ•ᴥ•ʔ	bear|animal|cute
Animals	ʕ·ᴥ·ʔ	bear|animal|cute
Animals	U・ᴥ・U	dog|puppy|animal
Animals	V●ᴥ●V	dog|puppy|animal
Animals	(◕ᴥ◕)	bear|animal|cute
Classic ASCII	:)	smile|happy|smiley
Classic ASCII	:-)	smile|happy|smiley|nose
Classic ASCII	:(	sad|frown|unhappy
Classic ASCII	:-(	sad|frown|unhappy|nose
Classic ASCII	;)	wink|flirt
Classic ASCII	;-)	wink|flirt|nose
Classic ASCII	:D	grin|laugh|big smile|happy
Classic ASCII	:-D	grin|laugh|big smile|nose
Classic ASCII	:P	tongue|silly|playful
Classic ASCII	:-P	tongue|silly|playful|nose
Classic ASCII	:O	surprised|shock|gasp
Classic ASCII	:-O	surprised|shock|gasp|nose
Classic ASCII	:|	neutral|straight face|meh
Classic ASCII	:/	skeptical|annoyed|unsure
Classic ASCII	:'(	cry|tears|sad
Classic ASCII	:*	kiss|love
Classic ASCII	<3	heart|love
Classic ASCII	</3	broken heart|heartbreak|sad
Classic ASCII	XD	laugh|lol|xd|squint
Classic ASCII	>:(	angry|mad|grumpy
Classic ASCII	B)	cool|sunglasses
Classic ASCII	8)	cool|glasses
Classic ASCII	8-)	cool|sunglasses|nose
Classic ASCII	:3	cute|cat face|playful
Classic ASCII	D:	horror|dismay|shock|sad
Classic ASCII	^_^	happy|smile|cute
Classic ASCII	-_-	annoyed|unimpressed|meh
Classic ASCII	o_O	confused|surprised|what
Classic ASCII	O_o	confused|surprised|what
Classic ASCII	T_T	cry|sad|tears
Classic ASCII	>_<	frustrated|pain|squint|wince
Classic ASCII	>.<	pain|wince|squint
Classic ASCII	=)	smile|happy
Classic ASCII	:^)	smug|smirk|happy
Classic ASCII	UwU	cute|uwu|happy
Classic ASCII	OwO	cute|owo|notice
Classic ASCII	( ͡° ͜ʖ ͡°)	lenny|smirk|suggestive|face
Classic ASCII	(•_•) ( •_•)>⌐■-■ (⌐■_■)	deal with it|sunglasses|cool|swag
Actions & Table flip	(╯°□°)╯︵ ┻━┻	tableflip|flip|rage|angry|table
Actions & Table flip	┬─┬ノ( º _ ºノ)	unflip|table|calm|put back
Actions & Table flip	┬─┬ ノ( ゜-゜ノ)	unflip|table|calm|put back
Actions & Table flip	(ノಠ益ಠ)ノ彡┻━┻	tableflip|rage|furious|flip
Actions & Table flip	(┛◉Д◉)┛彡┻━┻	tableflip|rage|surprised|flip
Actions & Table flip	┻━┻ ︵ヽ(`Д´)ﾉ︵ ┻━┻	double flip|tableflip|rage|tables
Actions & Table flip	(ﾉ´･ω･)ﾉ ﾐ ┸━┸	tableflip|gentle|flip|table
Actions & Table flip	(ノ-_-)ノ~┻━┻	tableflip|flip|annoyed|table
Actions & Table flip	┬──┬ ¯\_(ツ)	unflip|calm|put back|table
Actions & Table flip	(っ◔◡◔)っ	hug|gift|give|reach
Actions & Table flip	(つ°ヮ°)つ	hug|give|come here|reach
Actions & Table flip	(☞ﾟヮﾟ)☞	point|you|this|finger
Actions & Table flip	(ง •̀_•́)ง	fight|ready|boxing|fist
Actions & Table flip	(ง'̀-'́)ง	fight|fist|ready
Actions & Table flip	ε=ε=ε=┌(;*´Д`)ﾉ	run|running|escape|hurry
Actions & Table flip	ε=ε=(ノ≧∇≦)ノ	run|running|excited|hurry
Actions & Table flip	(ノ°ο°)ノ	throw|cheer|raise|toss
Actions & Table flip	(∩^o^)⊃━☆	magic|wand|wizard|sparkle
Actions & Table flip	(⊃｡•́‿•̀｡)⊃	hug|embrace|cuddle
Actions & Table flip	ヾ(⌐■_■)ノ♪	cool|dance|music|swag
Actions & Table flip	♪┏(・o･)┛♪	dance|music|party
Actions & Table flip	┏(＾0＾)┛	dance|happy|party
Actions & Table flip	└(＾＾)┐	dance|move|party
Actions & Table flip	┌(＾＾)┘	dance|move|party
Actions & Table flip	⊂(◉‿◉)つ	hug|embrace|arms
Actions & Table flip	(ﾉ◕ヮ◕)ﾉ*:･ﾟ✧	sparkle|magic|throw|excited
Actions & Table flip	(ﾉ^ヮ^)ﾉ*:・ﾟ✧	sparkle|magic|throw|happy
