Punctuation	‐	hyphen
Punctuation	‑	non-breaking hyphen
Punctuation	‒	figure dash
Punctuation	–	en dash
Punctuation	—	em dash
Punctuation	―	horizontal bar
Punctuation	‖	double vertical line
Punctuation	‗	double low line
Punctuation	‘	left single quotation mark
Punctuation	’	right single quotation mark
Punctuation	‚	single low-9 quotation mark
Punctuation	‛	single high-reversed-9 quotation mark
Punctuation	“	left double quotation mark
Punctuation	”	right double quotation mark
Punctuation	„	double low-9 quotation mark
Punctuation	‟	double high-reversed-9 quotation mark
Punctuation	†	dagger
Punctuation	‡	double dagger
Punctuation	•	bullet
Punctuation	‣	triangular bullet
Punctuation	․	one dot leader
Punctuation	‥	two dot leader
Punctuation	…	horizontal ellipsis
Punctuation	‧	hyphenation point
Punctuation	‰	per mille sign
Punctuation	‱	per ten thousand sign
Punctuation	′	prime
Punctuation	″	double prime
Punctuation	‴	triple prime
Punctuation	‵	reversed prime
Punctuation	‶	reversed double prime
Punctuation	‷	reversed triple prime
Punctuation	‸	caret
Punctuation	‹	single left-pointing angle quotation mark
Punctuation	›	single right-pointing angle quotation mark
Punctuation	※	reference mark
Punctuation	‼	double exclamation mark
Punctuation	‽	interrobang
Punctuation	‾	overline
Punctuation	‿	undertie
Punctuation	⁀	character tie
Punctuation	⁁	caret insertion point
Punctuation	⁂	asterism
Punctuation	⁃	hyphen bullet
Punctuation	⁄	fraction slash
Punctuation	⁅	left square bracket with quill
Punctuation	⁆	right square bracket with quill
Punctuation	⁇	double question mark
Punctuation	⁈	question exclamation mark
Punctuation	⁉	exclamation question mark
Punctuation	⁊	tironian sign et
Punctuation	⁋	reversed pilcrow sign
Punctuation	⁌	black leftwards bullet
Punctuation	⁍	black rightwards bullet
Punctuation	⁎	low asterisk
Punctuation	⁏	reversed semicolon
Punctuation	⁐	close up
Punctuation	⁑	two asterisks aligned vertically
Punctuation	⁒	commercial minus sign
Punctuation	⁓	swung dash
Punctuation	⁔	inverted undertie
Punctuation	⁕	flower punctuation mark
Punctuation	⁖	three dot punctuation
Punctuation	⁗	quadruple prime
Punctuation	⁘	four dot punctuation
Punctuation	⁙	five dot punctuation
Punctuation	⁚	two dot punctuation
Punctuation	⁛	four dot mark
Punctuation	⁜	dotted cross
Punctuation	⁝	tricolon
Punctuation	⁞	vertical four dots
Punctuation	¡	inverted exclamation mark
Punctuation	¿	inverted question mark
Punctuation	«	left-pointing double angle quotation mark
Punctuation	»	right-pointing double angle quotation mark
Punctuation	§	section sign
Punctuation	¶	pilcrow sign
Currency	$	dollar sign
Currency	¢	cent sign
Currency	£	pound sign
Currency	¤	currency sign
Currency	¥	yen sign
Currency	₠	euro-currency sign
Currency	₡	colon sign
Currency	₢	cruzeiro sign
Currency	₣	french franc sign
Currency	₤	lira sign
Currency	₥	mill sign
Currency	₦	naira sign
Currency	₧	peseta sign
Currency	₨	rupee sign
Currency	₩	won sign
Currency	₪	new sheqel sign
Currency	₫	dong sign
Currency	€	euro sign
Currency	₭	kip sign
Currency	₮	tugrik sign
Currency	₯	drachma sign
Currency	₰	german penny sign
Currency	₱	peso sign
Currency	₲	guarani sign
Currency	₳	austral sign
Currency	₴	hryvnia sign
Currency	₵	cedi sign
Currency	₶	livre tournois sign
Currency	₷	spesmilo sign
Currency	₸	tenge sign
Currency	₹	indian rupee sign
Currency	₺	turkish lira sign
Currency	₻	nordic mark sign
Currency	₼	manat sign
Currency	₽	ruble sign
Currency	₾	lari sign
Currency	₿	bitcoin sign
Currency	⃀	som sign
Currency	⃁	saudi riyal sign
Arrows	←	leftwards arrow
Arrows	↑	upwards arrow
Arrows	→	rightwards arrow
Arrows	↓	downwards arrow
Arrows	↔	left right arrow
Arrows	↕	up down arrow
Arrows	↖	north west arrow
Arrows	↗	north east arrow
Arrows	↘	south east arrow
Arrows	↙	south west arrow
Arrows	↚	leftwards arrow with stroke
Arrows	↛	rightwards arrow with stroke
Arrows	↜	leftwards wave arrow
Arrows	↝	rightwards wave arrow
Arrows	↞	leftwards two headed arrow
Arrows	↟	upwards two headed arrow
Arrows	↠	rightwards two headed arrow
Arrows	↡	downwards two headed arrow
Arrows	↢	leftwards arrow with tail
Arrows	↣	rightwards arrow with tail
Arrows	↤	leftwards arrow from bar
Arrows	↥	upwards arrow from bar
Arrows	↦	rightwards arrow from bar
Arrows	↧	downwards arrow from bar
Arrows	↨	up down arrow with base
Arrows	↩	leftwards arrow with hook
Arrows	↪	rightwards arrow with hook
Arrows	↫	leftwards arrow with loop
Arrows	↬	rightwards arrow with loop
Arrows	↭	left right wave arrow
Arrows	↮	left right arrow with stroke
Arrows	↯	downwards zigzag arrow
Arrows	↰	upwards arrow with tip leftwards
Arrows	↱	upwards arrow with tip rightwards
Arrows	↲	downwards arrow with tip leftwards
Arrows	↳	downwards arrow with tip rightwards
Arrows	↴	rightwards arrow with corner downwards
Arrows	↵	downwards arrow with corner leftwards
Arrows	↶	anticlockwise top semicircle arrow
Arrows	↷	clockwise top semicircle arrow
Arrows	↸	north west arrow to long bar
Arrows	↹	leftwards arrow to bar over rightwards arrow to bar
Arrows	↺	anticlockwise open circle arrow
Arrows	↻	clockwise open circle arrow
Arrows	↼	leftwards harpoon with barb upwards
Arrows	↽	leftwards harpoon with barb downwards
Arrows	↾	upwards harpoon with barb rightwards
Arrows	↿	upwards harpoon with barb leftwards
Arrows	⇀	rightwards harpoon with barb upwards
Arrows	⇁	rightwards harpoon with barb downwards
Arrows	⇂	downwards harpoon with barb rightwards
Arrows	⇃	downwards harpoon with barb leftwards
Arrows	⇄	rightwards arrow over leftwards arrow
Arrows	⇅	upwards arrow leftwards of downwards arrow
Arrows	⇆	leftwards arrow over rightwards arrow
Arrows	⇇	leftwards paired arrows
Arrows	⇈	upwards paired arrows
Arrows	⇉	rightwards paired arrows
Arrows	⇊	downwards paired arrows
Arrows	⇋	leftwards harpoon over rightwards harpoon
Arrows	⇌	rightwards harpoon over leftwards harpoon
Arrows	⇍	leftwards double arrow with stroke
Arrows	⇎	left right double arrow with stroke
Arrows	⇏	rightwards double arrow with stroke
Arrows	⇐	leftwards double arrow
Arrows	⇑	upwards double arrow
Arrows	⇒	rightwards double arrow
Arrows	⇓	downwards double arrow
Arrows	⇔	left right double arrow
Arrows	⇕	up down double arrow
Arrows	⇖	north west double arrow
Arrows	⇗	north east double arrow
Arrows	⇘	south east double arrow
Arrows	⇙	south west double arrow
Arrows	⇚	leftwards triple arrow
Arrows	⇛	rightwards triple arrow
Arrows	⇜	leftwards squiggle arrow
Arrows	⇝	rightwards squiggle arrow
Arrows	⇞	upwards arrow with double stroke
Arrows	⇟	downwards arrow with double stroke
Arrows	⇠	leftwards dashed arrow
Arrows	⇡	upwards dashed arrow
Arrows	⇢	rightwards dashed arrow
Arrows	⇣	downwards dashed arrow
Arrows	⇤	leftwards arrow to bar
Arrows	⇥	rightwards arrow to bar
Arrows	⇦	leftwards white arrow
Arrows	⇧	upwards white arrow
Arrows	⇨	rightwards white arrow
Arrows	⇩	downwards white arrow
Arrows	⇪	upwards white arrow from bar
Arrows	⇫	upwards white arrow on pedestal
Arrows	⇬	upwards white arrow on pedestal with horizontal bar
Arrows	⇭	upwards white arrow on pedestal with vertical bar
Arrows	⇮	upwards white double arrow
Arrows	⇯	upwards white double arrow on pedestal
Arrows	⇰	rightwards white arrow from wall
Arrows	⇱	north west arrow to corner
Arrows	⇲	south east arrow to corner
Arrows	⇳	up down white arrow
Arrows	⇴	right arrow with small circle
Arrows	⇵	downwards arrow leftwards of upwards arrow
Arrows	⇶	three rightwards arrows
Arrows	⇷	leftwards arrow with vertical stroke
Arrows	⇸	rightwards arrow with vertical stroke
Arrows	⇹	left right arrow with vertical stroke
Arrows	⇺	leftwards arrow with double vertical stroke
Arrows	⇻	rightwards arrow with double vertical stroke
Arrows	⇼	left right arrow with double vertical stroke
Arrows	⇽	leftwards open-headed arrow
Arrows	⇾	rightwards open-headed arrow
Arrows	⇿	left right open-headed arrow
Arrows	⟰	upwards quadruple arrow
Arrows	⟱	downwards quadruple arrow
Arrows	⟲	anticlockwise gapped circle arrow
Arrows	⟳	clockwise gapped circle arrow
Arrows	⟴	right arrow with circled plus
Arrows	⟵	long leftwards arrow
Arrows	⟶	long rightwards arrow
Arrows	⟷	long left right arrow
Arrows	⟸	long leftwards double arrow
Arrows	⟹	long rightwards double arrow
Arrows	⟺	long left right double arrow
Arrows	⟻	long leftwards arrow from bar
Arrows	⟼	long rightwards arrow from bar
Arrows	⟽	long leftwards double arrow from bar
Arrows	⟾	long rightwards double arrow from bar
Arrows	⟿	long rightwards squiggle arrow
Arrows	⤀	rightwards two-headed arrow with vertical stroke
Arrows	⤁	rightwards two-headed arrow with double vertical stroke
Arrows	⤂	leftwards double arrow with vertical stroke
Arrows	⤃	rightwards double arrow with vertical stroke
Arrows	⤄	left right double arrow with vertical stroke
Arrows	⤅	rightwards two-headed arrow from bar
Arrows	⤆	leftwards double arrow from bar
Arrows	⤇	rightwards double arrow from bar
Arrows	⤈	downwards arrow with horizontal stroke
Arrows	⤉	upwards arrow with horizontal stroke
Arrows	⤊	upwards triple arrow
Arrows	⤋	downwards triple arrow
Arrows	⤌	leftwards double dash arrow
Arrows	⤍	rightwards double dash arrow
Arrows	⤎	leftwards triple dash arrow
Arrows	⤏	rightwards triple dash arrow
Arrows	⤐	rightwards two-headed triple dash arrow
Arrows	⤑	rightwards arrow with dotted stem
Arrows	⤒	upwards arrow to bar
Arrows	⤓	downwards arrow to bar
Arrows	⤔	rightwards arrow with tail with vertical stroke
Arrows	⤕	rightwards arrow with tail with double vertical stroke
Arrows	⤖	rightwards two-headed arrow with tail
Arrows	⤗	rightwards two-headed arrow with tail with vertical stroke
Arrows	⤘	rightwards two-headed arrow with tail with double vertical stroke
Arrows	⤙	leftwards arrow-tail
Arrows	⤚	rightwards arrow-tail
Arrows	⤛	leftwards double arrow-tail
Arrows	⤜	rightwards double arrow-tail
Arrows	⤝	leftwards arrow to black diamond
Arrows	⤞	rightwards arrow to black diamond
Arrows	⤟	leftwards arrow from bar to black diamond
Arrows	⤠	rightwards arrow from bar to black diamond
Arrows	⤡	north west and south east arrow
Arrows	⤢	north east and south west arrow
Arrows	⤣	north west arrow with hook
Arrows	⤤	north east arrow with hook
Arrows	⤥	south east arrow with hook
Arrows	⤦	south west arrow with hook
Arrows	⤧	north west arrow and north east arrow
Arrows	⤨	north east arrow and south east arrow
Arrows	⤩	south east arrow and south west arrow
Arrows	⤪	south west arrow and north west arrow
Arrows	⤫	rising diagonal crossing falling diagonal
Arrows	⤬	falling diagonal crossing rising diagonal
Arrows	⤭	south east arrow crossing north east arrow
Arrows	⤮	north east arrow crossing south east arrow
Arrows	⤯	falling diagonal crossing north east arrow
Arrows	⤰	rising diagonal crossing south east arrow
Arrows	⤱	north east arrow crossing north west arrow
Arrows	⤲	north west arrow crossing north east arrow
Arrows	⤳	wave arrow pointing directly right
Arrows	⤴	arrow pointing rightwards then curving upwards
Arrows	⤵	arrow pointing rightwards then curving downwards
Arrows	⤶	arrow pointing downwards then curving leftwards
Arrows	⤷	arrow pointing downwards then curving rightwards
Arrows	⤸	right-side arc clockwise arrow
Arrows	⤹	left-side arc anticlockwise arrow
Arrows	⤺	top arc anticlockwise arrow
Arrows	⤻	bottom arc anticlockwise arrow
Arrows	⤼	top arc clockwise arrow with minus
Arrows	⤽	top arc anticlockwise arrow with plus
Arrows	⤾	lower right semicircular clockwise arrow
Arrows	⤿	lower left semicircular anticlockwise arrow
Arrows	⥀	anticlockwise closed circle arrow
Arrows	⥁	clockwise closed circle arrow
Arrows	⥂	rightwards arrow above short leftwards arrow
Arrows	⥃	leftwards arrow above short rightwards arrow
Arrows	⥄	short rightwards arrow above leftwards arrow
Arrows	⥅	rightwards arrow with plus below
Arrows	⥆	leftwards arrow with plus below
Arrows	⥇	rightwards arrow through x
Arrows	⥈	left right arrow through small circle
Arrows	⥉	upwards two-headed arrow from small circle
Arrows	⥊	left barb up right barb down harpoon
Arrows	⥋	left barb down right barb up harpoon
Arrows	⥌	up barb right down barb left harpoon
Arrows	⥍	up barb left down barb right harpoon
Arrows	⥎	left barb up right barb up harpoon
Arrows	⥏	up barb right down barb right harpoon
Arrows	⥐	left barb down right barb down harpoon
Arrows	⥑	up barb left down barb left harpoon
Arrows	⥒	leftwards harpoon with barb up to bar
Arrows	⥓	rightwards harpoon with barb up to bar
Arrows	⥔	upwards harpoon with barb right to bar
Arrows	⥕	downwards harpoon with barb right to bar
Arrows	⥖	leftwards harpoon with barb down to bar
Arrows	⥗	rightwards harpoon with barb down to bar
Arrows	⥘	upwards harpoon with barb left to bar
Arrows	⥙	downwards harpoon with barb left to bar
Arrows	⥚	leftwards harpoon with barb up from bar
Arrows	⥛	rightwards harpoon with barb up from bar
Arrows	⥜	upwards harpoon with barb right from bar
Arrows	⥝	downwards harpoon with barb right from bar
Arrows	⥞	leftwards harpoon with barb down from bar
Arrows	⥟	rightwards harpoon with barb down from bar
Arrows	⥠	upwards harpoon with barb left from bar
Arrows	⥡	downwards harpoon with barb left from bar
Arrows	⥢	leftwards harpoon with barb up above leftwards harpoon with barb down
Arrows	⥣	upwards harpoon with barb left beside upwards harpoon with barb right
Arrows	⥤	rightwards harpoon with barb up above rightwards harpoon with barb down
Arrows	⥥	downwards harpoon with barb left beside downwards harpoon with barb right
Arrows	⥦	leftwards harpoon with barb up above rightwards harpoon with barb up
Arrows	⥧	leftwards harpoon with barb down above rightwards harpoon with barb down
Arrows	⥨	rightwards harpoon with barb up above leftwards harpoon with barb up
Arrows	⥩	rightwards harpoon with barb down above leftwards harpoon with barb down
Arrows	⥪	leftwards harpoon with barb up above long dash
Arrows	⥫	leftwards harpoon with barb down below long dash
Arrows	⥬	rightwards harpoon with barb up above long dash
Arrows	⥭	rightwards harpoon with barb down below long dash
Arrows	⥮	upwards harpoon with barb left beside downwards harpoon with barb right
Arrows	⥯	downwards harpoon with barb left beside upwards harpoon with barb right
Arrows	⥰	right double arrow with rounded head
Arrows	⥱	equals sign above rightwards arrow
Arrows	⥲	tilde operator above rightwards arrow
Arrows	⥳	leftwards arrow above tilde operator
Arrows	⥴	rightwards arrow above tilde operator
Arrows	⥵	rightwards arrow above almost equal to
Arrows	⥶	less-than above leftwards arrow
Arrows	⥷	leftwards arrow through less-than
Arrows	⥸	greater-than above rightwards arrow
Arrows	⥹	subset above rightwards arrow
Arrows	⥺	leftwards arrow through subset
Arrows	⥻	superset above leftwards arrow
Arrows	⥼	left fish tail
Arrows	⥽	right fish tail
Arrows	⥾	up fish tail
Arrows	⥿	down fish tail
Math	±	plus-minus sign
Math	×	multiplication sign
Math	÷	division sign
Math	¬	not sign
Math	°	degree sign
Math	µ	micro sign
Math	¹	superscript one
Math	²	superscript two
Math	³	superscript three
Math	¼	vulgar fraction one quarter
Math	½	vulgar fraction one half
Math	¾	vulgar fraction three quarters
Math	⅐	vulgar fraction one seventh
Math	⅑	vulgar fraction one ninth
Math	⅒	vulgar fraction one tenth
Math	⅓	vulgar fraction one third
Math	⅔	vulgar fraction two thirds
Math	⅕	vulgar fraction one fifth
Math	⅖	vulgar fraction two fifths
Math	⅗	vulgar fraction three fifths
Math	⅘	vulgar fraction four fifths
Math	⅙	vulgar fraction one sixth
Math	⅚	vulgar fraction five sixths
Math	⅛	vulgar fraction one eighth
Math	⅜	vulgar fraction three eighths
Math	⅝	vulgar fraction five eighths
Math	⅞	vulgar fraction seven eighths
Math	⅟	fraction numerator one
Math	∀	for all
Math	∁	complement
Math	∂	partial differential
Math	∃	there exists
Math	∄	there does not exist
Math	∅	empty set
Math	∆	increment
Math	∇	nabla
Math	∈	element of
Math	∉	not an element of
Math	∊	small element of
Math	∋	contains as member
Math	∌	does not contain as member
Math	∍	small contains as member
Math	∎	end of proof
Math	∏	n-ary product
Math	∐	n-ary coproduct
Math	∑	n-ary summation
Math	−	minus sign
Math	∓	minus-or-plus sign
Math	∔	dot plus
Math	∕	division slash
Math	∖	set minus
Math	∗	asterisk operator
Math	∘	ring operator
Math	∙	bullet operator
Math	√	square root
Math	∛	cube root
Math	∜	fourth root
Math	∝	proportional to
Math	∞	infinity
Math	∟	right angle
Math	∠	angle
Math	∡	measured angle
Math	∢	spherical angle
Math	∣	divides
Math	∤	does not divide
Math	∥	parallel to
Math	∦	not parallel to
Math	∧	logical and
Math	∨	logical or
Math	∩	intersection
Math	∪	union
Math	∫	integral
Math	∬	double integral
Math	∭	triple integral
Math	∮	contour integral
Math	∯	surface integral
Math	∰	volume integral
Math	∱	clockwise integral
Math	∲	clockwise contour integral
Math	∳	anticlockwise contour integral
Math	∴	therefore
Math	∵	because
Math	∶	ratio
Math	∷	proportion
Math	∸	dot minus
Math	∹	excess
Math	∺	geometric proportion
Math	∻	homothetic
Math	∼	tilde operator
Math	∽	reversed tilde
Math	∾	inverted lazy s
Math	∿	sine wave
Math	≀	wreath product
Math	≁	not tilde
Math	≂	minus tilde
Math	≃	asymptotically equal to
Math	≄	not asymptotically equal to
Math	≅	approximately equal to
Math	≆	approximately but not actually equal to
Math	≇	neither approximately nor actually equal to
Math	≈	almost equal to
Math	≉	not almost equal to
Math	≊	almost equal or equal to
Math	≋	triple tilde
Math	≌	all equal to
Math	≍	equivalent to
Math	≎	geometrically equivalent to
Math	≏	difference between
Math	≐	approaches the limit
Math	≑	geometrically equal to
Math	≒	approximately equal to or the image of
Math	≓	image of or approximately equal to
Math	≔	colon equals
Math	≕	equals colon
Math	≖	ring in equal to
Math	≗	ring equal to
Math	≘	corresponds to
Math	≙	estimates
Math	≚	equiangular to
Math	≛	star equals
Math	≜	delta equal to
Math	≝	equal to by definition
Math	≞	measured by
Math	≟	questioned equal to
Math	≠	not equal to
Math	≡	identical to
Math	≢	not identical to
Math	≣	strictly equivalent to
Math	≤	less-than or equal to
Math	≥	greater-than or equal to
Math	≦	less-than over equal to
Math	≧	greater-than over equal to
Math	≨	less-than but not equal to
Math	≩	greater-than but not equal to
Math	≪	much less-than
Math	≫	much greater-than
Math	≬	between
Math	≭	not equivalent to
Math	≮	not less-than
Math	≯	not greater-than
Math	≰	neither less-than nor equal to
Math	≱	neither greater-than nor equal to
Math	≲	less-than or equivalent to
Math	≳	greater-than or equivalent to
Math	≴	neither less-than nor equivalent to
Math	≵	neither greater-than nor equivalent to
Math	≶	less-than or greater-than
Math	≷	greater-than or less-than
Math	≸	neither less-than nor greater-than
Math	≹	neither greater-than nor less-than
Math	≺	precedes
Math	≻	succeeds
Math	≼	precedes or equal to
Math	≽	succeeds or equal to
Math	≾	precedes or equivalent to
Math	≿	succeeds or equivalent to
Math	⊀	does not precede
Math	⊁	does not succeed
Math	⊂	subset of
Math	⊃	superset of
Math	⊄	not a subset of
Math	⊅	not a superset of
Math	⊆	subset of or equal to
Math	⊇	superset of or equal to
Math	⊈	neither a subset of nor equal to
Math	⊉	neither a superset of nor equal to
Math	⊊	subset of with not equal to
Math	⊋	superset of with not equal to
Math	⊌	multiset
Math	⊍	multiset multiplication
Math	⊎	multiset union
Math	⊏	square image of
Math	⊐	square original of
Math	⊑	square image of or equal to
Math	⊒	square original of or equal to
Math	⊓	square cap
Math	⊔	square cup
Math	⊕	circled plus
Math	⊖	circled minus
Math	⊗	circled times
Math	⊘	circled division slash
Math	⊙	circled dot operator
Math	⊚	circled ring operator
Math	⊛	circled asterisk operator
Math	⊜	circled equals
Math	⊝	circled dash
Math	⊞	squared plus
Math	⊟	squared minus
Math	⊠	squared times
Math	⊡	squared dot operator
Math	⊢	right tack
Math	⊣	left tack
Math	⊤	down tack
Math	⊥	up tack
Math	⊦	assertion
Math	⊧	models
Math	⊨	true
Math	⊩	forces
Math	⊪	triple vertical bar right turnstile
Math	⊫	double vertical bar double right turnstile
Math	⊬	does not prove
Math	⊭	not true
Math	⊮	does not force
Math	⊯	negated double vertical bar double right turnstile
Math	⊰	precedes under relation
Math	⊱	succeeds under relation
Math	⊲	normal subgroup of
Math	⊳	contains as normal subgroup
Math	⊴	normal subgroup of or equal to
Math	⊵	contains as normal subgroup or equal to
Math	⊶	original of
Math	⊷	image of
Math	⊸	multimap
Math	⊹	hermitian conjugate matrix
Math	⊺	intercalate
Math	⊻	xor
Math	⊼	nand
Math	⊽	nor
Math	⊾	right angle with arc
Math	⊿	right triangle
Math	⋀	n-ary logical and
Math	⋁	n-ary logical or
Math	⋂	n-ary intersection
Math	⋃	n-ary union
Math	⋄	diamond operator
Math	⋅	dot operator
Math	⋆	star operator
Math	⋇	division times
Math	⋈	bowtie
Math	⋉	left normal factor semidirect product
Math	⋊	right normal factor semidirect product
Math	⋋	left semidirect product
Math	⋌	right semidirect product
Math	⋍	reversed tilde equals
Math	⋎	curly logical or
Math	⋏	curly logical and
Math	⋐	double subset
Math	⋑	double superset
Math	⋒	double intersection
Math	⋓	double union
Math	⋔	pitchfork
Math	⋕	equal and parallel to
Math	⋖	less-than with dot
Math	⋗	greater-than with dot
Math	⋘	very much less-than
Math	⋙	very much greater-than
Math	⋚	less-than equal to or greater-than
Math	⋛	greater-than equal to or less-than
Math	⋜	equal to or less-than
Math	⋝	equal to or greater-than
Math	⋞	equal to or precedes
Math	⋟	equal to or succeeds
Math	⋠	does not precede or equal
Math	⋡	does not succeed or equal
Math	⋢	not square image of or equal to
Math	⋣	not square original of or equal to
Math	⋤	square image of or not equal to
Math	⋥	square original of or not equal to
Math	⋦	less-than but not equivalent to
Math	⋧	greater-than but not equivalent to
Math	⋨	precedes but not equivalent to
Math	⋩	succeeds but not equivalent to
Math	⋪	not normal subgroup of
Math	⋫	does not contain as normal subgroup
Math	⋬	not normal subgroup of or equal to
Math	⋭	does not contain as normal subgroup or equal
Math	⋮	vertical ellipsis
Math	⋯	midline horizontal ellipsis
Math	⋰	up right diagonal ellipsis
Math	⋱	down right diagonal ellipsis
Math	⋲	element of with long horizontal stroke
Math	⋳	element of with vertical bar at end of horizontal stroke
Math	⋴	small element of with vertical bar at end of horizontal stroke
Math	⋵	element of with dot above
Math	⋶	element of with overbar
Math	⋷	small element of with overbar
Math	⋸	element of with underbar
Math	⋹	element of with two horizontal strokes
Math	⋺	contains with long horizontal stroke
Math	⋻	contains with vertical bar at end of horizontal stroke
Math	⋼	small contains with vertical bar at end of horizontal stroke
Math	⋽	contains with overbar
Math	⋾	small contains with overbar
Math	⋿	z notation bag membership
Geometric	■	black square
Geometric	□	white square
Geometric	▢	white square with rounded corners
Geometric	▣	white square containing black small square
Geometric	▤	square with horizontal fill
Geometric	▥	square with vertical fill
Geometric	▦	square with orthogonal crosshatch fill
Geometric	▧	square with upper left to lower right fill
Geometric	▨	square with upper right to lower left fill
Geometric	▩	square with diagonal crosshatch fill
Geometric	▪	black small square
Geometric	▫	white small square
Geometric	▬	black rectangle
Geometric	▭	white rectangle
Geometric	▮	black vertical rectangle
Geometric	▯	white vertical rectangle
Geometric	▰	black parallelogram
Geometric	▱	white parallelogram
Geometric	▲	black up-pointing triangle
Geometric	△	white up-pointing triangle
Geometric	▴	black up-pointing small triangle
Geometric	▵	white up-pointing small triangle
Geometric	▶	black right-pointing triangle
Geometric	▷	white right-pointing triangle
Geometric	▸	black right-pointing small triangle
Geometric	▹	white right-pointing small triangle
Geometric	►	black right-pointing pointer
Geometric	▻	white right-pointing pointer
Geometric	▼	black down-pointing triangle
Geometric	▽	white down-pointing triangle
Geometric	▾	black down-pointing small triangle
Geometric	▿	white down-pointing small triangle
Geometric	◀	black left-pointing triangle
Geometric	◁	white left-pointing triangle
Geometric	◂	black left-pointing small triangle
Geometric	◃	white left-pointing small triangle
Geometric	◄	black left-pointing pointer
Geometric	◅	white left-pointing pointer
Geometric	◆	black diamond
Geometric	◇	white diamond
Geometric	◈	white diamond containing black small diamond
Geometric	◉	fisheye
Geometric	◊	lozenge
Geometric	○	white circle
Geometric	◌	dotted circle
Geometric	◍	circle with vertical fill
Geometric	◎	bullseye
Geometric	●	black circle
Geometric	◐	circle with left half black
Geometric	◑	circle with right half black
Geometric	◒	circle with lower half black
Geometric	◓	circle with upper half black
Geometric	◔	circle with upper right quadrant black
Geometric	◕	circle with all but upper left quadrant black
Geometric	◖	left half black circle
Geometric	◗	right half black circle
Geometric	◘	inverse bullet
Geometric	◙	inverse white circle
Geometric	◚	upper half inverse white circle
Geometric	◛	lower half inverse white circle
Geometric	◜	upper left quadrant circular arc
Geometric	◝	upper right quadrant circular arc
Geometric	◞	lower right quadrant circular arc
Geometric	◟	lower left quadrant circular arc
Geometric	◠	upper half circle
Geometric	◡	lower half circle
Geometric	◢	black lower right triangle
Geometric	◣	black lower left triangle
Geometric	◤	black upper left triangle
Geometric	◥	black upper right triangle
Geometric	◦	white bullet
Geometric	◧	square with left half black
Geometric	◨	square with right half black
Geometric	◩	square with upper left diagonal half black
Geometric	◪	square with lower right diagonal half black
Geometric	◫	white square with vertical bisecting line
Geometric	◬	white up-pointing triangle with dot
Geometric	◭	up-pointing triangle with left half black
Geometric	◮	up-pointing triangle with right half black
Geometric	◯	large circle
Geometric	◰	white square with upper left quadrant
Geometric	◱	white square with lower left quadrant
Geometric	◲	white square with lower right quadrant
Geometric	◳	white square with upper right quadrant
Geometric	◴	white circle with upper left quadrant
Geometric	◵	white circle with lower left quadrant
Geometric	◶	white circle with lower right quadrant
Geometric	◷	white circle with upper right quadrant
Geometric	◸	upper left triangle
Geometric	◹	upper right triangle
Geometric	◺	lower left triangle
Geometric	◻	white medium square
Geometric	◼	black medium square
Geometric	◽	white medium small square
Geometric	◾	black medium small square
Geometric	◿	lower right triangle
Letterlike & technical	©	copyright sign
Letterlike & technical	®	registered sign
Letterlike & technical	℀	account of
Letterlike & technical	℁	addressed to the subject
Letterlike & technical	ℂ	double-struck capital c
Letterlike & technical	℃	degree celsius
Letterlike & technical	℄	centre line symbol
Letterlike & technical	℅	care of
Letterlike & technical	℆	cada una
Letterlike & technical	ℇ	euler constant
Letterlike & technical	℈	scruple
Letterlike & technical	℉	degree fahrenheit
Letterlike & technical	ℊ	script small g
Letterlike & technical	ℋ	script capital h
Letterlike & technical	ℌ	black-letter capital h
Letterlike & technical	ℍ	double-struck capital h
Letterlike & technical	ℎ	planck constant
Letterlike & technical	ℏ	planck constant over two pi
Letterlike & technical	ℐ	script capital i
Letterlike & technical	ℑ	black-letter capital i
Letterlike & technical	ℒ	script capital l
Letterlike & technical	ℓ	script small l
Letterlike & technical	℔	l b bar symbol
Letterlike & technical	ℕ	double-struck capital n
Letterlike & technical	№	numero sign
Letterlike & technical	℗	sound recording copyright
Letterlike & technical	℘	script capital p
Letterlike & technical	ℙ	double-struck capital p
Letterlike & technical	ℚ	double-struck capital q
Letterlike & technical	ℛ	script capital r
Letterlike & technical	ℜ	black-letter capital r
Letterlike & technical	ℝ	double-struck capital r
Letterlike & technical	℞	prescription take
Letterlike & technical	℟	response
Letterlike & technical	℠	service mark
Letterlike & technical	℡	telephone sign
Letterlike & technical	™	trade mark sign
Letterlike & technical	℣	versicle
Letterlike & technical	ℤ	double-struck capital z
Letterlike & technical	℥	ounce sign
Letterlike & technical	Ω	ohm sign
Letterlike & technical	℧	inverted ohm sign
Letterlike & technical	ℨ	black-letter capital z
Letterlike & technical	℩	turned greek small letter iota
Letterlike & technical	K	kelvin sign
Letterlike & technical	Å	angstrom sign
Letterlike & technical	ℬ	script capital b
Letterlike & technical	ℭ	black-letter capital c
Letterlike & technical	℮	estimated symbol
Letterlike & technical	ℯ	script small e
Letterlike & technical	ℰ	script capital e
Letterlike & technical	ℱ	script capital f
Letterlike & technical	Ⅎ	turned capital f
Letterlike & technical	ℳ	script capital m
Letterlike & technical	ℴ	script small o
Letterlike & technical	ℵ	alef symbol
Letterlike & technical	ℶ	bet symbol
Letterlike & technical	ℷ	gimel symbol
Letterlike & technical	ℸ	dalet symbol
Letterlike & technical	ℹ	information source
Letterlike & technical	℺	rotated capital q
Letterlike & technical	℻	facsimile sign
Letterlike & technical	ℼ	double-struck small pi
Letterlike & technical	ℽ	double-struck small gamma
Letterlike & technical	ℾ	double-struck capital gamma
Letterlike & technical	ℿ	double-struck capital pi
Letterlike & technical	⅀	double-struck n-ary summation
Letterlike & technical	⅁	turned sans-serif capital g
Letterlike & technical	⅂	turned sans-serif capital l
Letterlike & technical	⅃	reversed sans-serif capital l
Letterlike & technical	⅄	turned sans-serif capital y
Letterlike & technical	ⅅ	double-struck italic capital d
Letterlike & technical	ⅆ	double-struck italic small d
Letterlike & technical	ⅇ	double-struck italic small e
Letterlike & technical	ⅈ	double-struck italic small i
Letterlike & technical	ⅉ	double-struck italic small j
Letterlike & technical	⅊	property line
Letterlike & technical	⅋	turned ampersand
Letterlike & technical	⅌	per sign
Letterlike & technical	⅍	aktieselskab
Letterlike & technical	ⅎ	turned small f
Letterlike & technical	⅏	symbol for samaritan source
Letterlike & technical	⌀	diameter sign
Letterlike & technical	⌁	electric arrow
Letterlike & technical	⌂	house
Letterlike & technical	⌃	up arrowhead
Letterlike & technical	⌄	down arrowhead
Letterlike & technical	⌅	projective
Letterlike & technical	⌆	perspective
Letterlike & technical	⌇	wavy line
Letterlike & technical	⌈	left ceiling
Letterlike & technical	⌉	right ceiling
Letterlike & technical	⌊	left floor
Letterlike & technical	⌋	right floor
Letterlike & technical	⌌	bottom right crop
Letterlike & technical	⌍	bottom left crop
Letterlike & technical	⌎	top right crop
Letterlike & technical	⌏	top left crop
Letterlike & technical	⌐	reversed not sign
Letterlike & technical	⌑	square lozenge
Letterlike & technical	⌒	arc
Letterlike & technical	⌓	segment
Letterlike & technical	⌔	sector
Letterlike & technical	⌕	telephone recorder
Letterlike & technical	⌖	position indicator
Letterlike & technical	⌗	viewdata square
Letterlike & technical	⌘	place of interest sign
Letterlike & technical	⌙	turned not sign
Letterlike & technical	⌜	top left corner
Letterlike & technical	⌝	top right corner
Letterlike & technical	⌞	bottom left corner
Letterlike & technical	⌟	bottom right corner
Letterlike & technical	⌠	top half integral
Letterlike & technical	⌡	bottom half integral
Letterlike & technical	⌢	frown
Letterlike & technical	⌣	smile
Letterlike & technical	⌤	up arrowhead between two horizontal bars
Letterlike & technical	⌥	option key
Letterlike & technical	⌦	erase to the right
Letterlike & technical	⌧	x in a rectangle box
Letterlike & technical	⌨	keyboard
Letterlike & technical	〈	left-pointing angle bracket
Letterlike & technical	〉	right-pointing angle bracket
Letterlike & technical	⌫	erase to the left
Letterlike & technical	⌬	benzene ring
Letterlike & technical	⌭	cylindricity
Letterlike & technical	⌮	all around-profile
Letterlike & technical	⌯	symmetry
Letterlike & technical	⌰	total runout
Letterlike & technical	⌱	dimension origin
Letterlike & technical	⌲	conical taper
Letterlike & technical	⌳	slope
Letterlike & technical	⌴	counterbore
Letterlike & technical	⌵	countersink
Letterlike & technical	⌶	apl functional symbol i-beam
Letterlike & technical	⌷	apl functional symbol squish quad
Letterlike & technical	⌸	apl functional symbol quad equal
Letterlike & technical	⌹	apl functional symbol quad divide
Letterlike & technical	⌺	apl functional symbol quad diamond
Letterlike & technical	⌻	apl functional symbol quad jot
Letterlike & technical	⌼	apl functional symbol quad circle
Letterlike & technical	⌽	apl functional symbol circle stile
Letterlike & technical	⌾	apl functional symbol circle jot
Letterlike & technical	⌿	apl functional symbol slash bar
Letterlike & technical	⍀	apl functional symbol backslash bar
Letterlike & technical	⍁	apl functional symbol quad slash
Letterlike & technical	⍂	apl functional symbol quad backslash
Letterlike & technical	⍃	apl functional symbol quad less-than
Letterlike & technical	⍄	apl functional symbol quad greater-than
Letterlike & technical	⍅	apl functional symbol leftwards vane
Letterlike & technical	⍆	apl functional symbol rightwards vane
Letterlike & technical	⍇	apl functional symbol quad leftwards arrow
Letterlike & technical	⍈	apl functional symbol quad rightwards arrow
Letterlike & technical	⍉	apl functional symbol circle backslash
Letterlike & technical	⍊	apl functional symbol down tack underbar
Letterlike & technical	⍋	apl functional symbol delta stile
Letterlike & technical	⍌	apl functional symbol quad down caret
Letterlike & technical	⍍	apl functional symbol quad delta
Letterlike & technical	⍎	apl functional symbol down tack jot
Letterlike & technical	⍏	apl functional symbol upwards vane
Letterlike & technical	⍐	apl functional symbol quad upwards arrow
Letterlike & technical	⍑	apl functional symbol up tack overbar
Letterlike & technical	⍒	apl functional symbol del stile
Letterlike & technical	⍓	apl functional symbol quad up caret
Letterlike & technical	⍔	apl functional symbol quad del
Letterlike & technical	⍕	apl functional symbol up tack jot
Letterlike & technical	⍖	apl functional symbol downwards vane
Letterlike & technical	⍗	apl functional symbol quad downwards arrow
Letterlike & technical	⍘	apl functional symbol quote underbar
Letterlike & technical	⍙	apl functional symbol delta underbar
Letterlike & technical	⍚	apl functional symbol diamond underbar
Letterlike & technical	⍛	apl functional symbol jot underbar
Letterlike & technical	⍜	apl functional symbol circle underbar
Letterlike & technical	⍝	apl functional symbol up shoe jot
Letterlike & technical	⍞	apl functional symbol quote quad
Letterlike & technical	⍟	apl functional symbol circle star
Letterlike & technical	⍠	apl functional symbol quad colon
Letterlike & technical	⍡	apl functional symbol up tack diaeresis
Letterlike & technical	⍢	apl functional symbol del diaeresis
Letterlike & technical	⍣	apl functional symbol star diaeresis
Letterlike & technical	⍤	apl functional symbol jot diaeresis
Letterlike & technical	⍥	apl functional symbol circle diaeresis
Letterlike & technical	⍦	apl functional symbol down shoe stile
Letterlike & technical	⍧	apl functional symbol left shoe stile
Letterlike & technical	⍨	apl functional symbol tilde diaeresis
Letterlike & technical	⍩	apl functional symbol greater-than diaeresis
Letterlike & technical	⍪	apl functional symbol comma bar
Letterlike & technical	⍫	apl functional symbol del tilde
Letterlike & technical	⍬	apl functional symbol zilde
Letterlike & technical	⍭	apl functional symbol stile tilde
Letterlike & technical	⍮	apl functional symbol semicolon underbar
Letterlike & technical	⍯	apl functional symbol quad not equal
Letterlike & technical	⍰	apl functional symbol quad question
Letterlike & technical	⍱	apl functional symbol down caret tilde
Letterlike & technical	⍲	apl functional symbol up caret tilde
Letterlike & technical	⍳	apl functional symbol iota
Letterlike & technical	⍴	apl functional symbol rho
Letterlike & technical	⍵	apl functional symbol omega
Letterlike & technical	⍶	apl functional symbol alpha underbar
Letterlike & technical	⍷	apl functional symbol epsilon underbar
Letterlike & technical	⍸	apl functional symbol iota underbar
Letterlike & technical	⍹	apl functional symbol omega underbar
Letterlike & technical	⍺	apl functional symbol alpha
Letterlike & technical	⍻	not check mark
Letterlike & technical	⍼	right angle with downwards zigzag arrow
Letterlike & technical	⍽	shouldered open box
Letterlike & technical	⍾	bell symbol
Letterlike & technical	⍿	vertical line with middle dot
Letterlike & technical	⎀	insertion symbol
Letterlike & technical	⎁	continuous underline symbol
Letterlike & technical	⎂	discontinuous underline symbol
Letterlike & technical	⎃	emphasis symbol
Letterlike & technical	⎄	composition symbol
Letterlike & technical	⎅	white square with centre vertical line
Letterlike & technical	⎆	enter symbol
Letterlike & technical	⎇	alternative key symbol
Letterlike & technical	⎈	helm symbol
Letterlike & technical	⎉	circled horizontal bar with notch
Letterlike & technical	⎊	circled triangle down
Letterlike & technical	⎋	broken circle with northwest arrow
Letterlike & technical	⎌	undo symbol
Letterlike & technical	⎍	monostable symbol
Letterlike & technical	⎎	hysteresis symbol
Letterlike & technical	⎏	open-circuit-output h-type symbol
Letterlike & technical	⎐	open-circuit-output l-type symbol
Letterlike & technical	⎑	passive-pull-down-output symbol
Letterlike & technical	⎒	passive-pull-up-output symbol
Letterlike & technical	⎓	direct current symbol form two
Letterlike & technical	⎔	software-function symbol
Letterlike & technical	⎕	apl functional symbol quad
Letterlike & technical	⎖	decimal separator key symbol
Letterlike & technical	⎗	previous page
Letterlike & technical	⎘	next page
Letterlike & technical	⎙	print screen symbol
Letterlike & technical	⎚	clear screen symbol
Letterlike & technical	⎛	left parenthesis upper hook
Letterlike & technical	⎜	left parenthesis extension
Letterlike & technical	⎝	left parenthesis lower hook
Letterlike & technical	⎞	right parenthesis upper hook
Letterlike & technical	⎟	right parenthesis extension
Letterlike & technical	⎠	right parenthesis lower hook
Letterlike & technical	⎡	left square bracket upper corner
Letterlike & technical	⎢	left square bracket extension
Letterlike & technical	⎣	left square bracket lower corner
Letterlike & technical	⎤	right square bracket upper corner
Letterlike & technical	⎥	right square bracket extension
Letterlike & technical	⎦	right square bracket lower corner
Letterlike & technical	⎧	left curly bracket upper hook
Letterlike & technical	⎨	left curly bracket middle piece
Letterlike & technical	⎩	left curly bracket lower hook
Letterlike & technical	⎪	curly bracket extension
Letterlike & technical	⎫	right curly bracket upper hook
Letterlike & technical	⎬	right curly bracket middle piece
Letterlike & technical	⎭	right curly bracket lower hook
Letterlike & technical	⎮	integral extension
Letterlike & technical	⎯	horizontal line extension
Letterlike & technical	⎰	upper left or lower right curly bracket section
Letterlike & technical	⎱	upper right or lower left curly bracket section
Letterlike & technical	⎲	summation top
Letterlike & technical	⎳	summation bottom
Letterlike & technical	⎴	top square bracket
Letterlike & technical	⎵	bottom square bracket
Letterlike & technical	⎶	bottom square bracket over top square bracket
Letterlike & technical	⎷	radical symbol bottom
Letterlike & technical	⎸	left vertical box line
Letterlike & technical	⎹	right vertical box line
Letterlike & technical	⎺	horizontal scan line-1
Letterlike & technical	⎻	horizontal scan line-3
Letterlike & technical	⎼	horizontal scan line-7
Letterlike & technical	⎽	horizontal scan line-9
Letterlike & technical	⎾	dentistry symbol light vertical and top right
Letterlike & technical	⎿	dentistry symbol light vertical and bottom right
Letterlike & technical	⏀	dentistry symbol light vertical with circle
Letterlike & technical	⏁	dentistry symbol light down and horizontal with circle
Letterlike & technical	⏂	dentistry symbol light up and horizontal with circle
Letterlike & technical	⏃	dentistry symbol light vertical with triangle
Letterlike & technical	⏄	dentistry symbol light down and horizontal with triangle
Letterlike & technical	⏅	dentistry symbol light up and horizontal with triangle
Letterlike & technical	⏆	dentistry symbol light vertical and wave
Letterlike & technical	⏇	dentistry symbol light down and horizontal with wave
Letterlike & technical	⏈	dentistry symbol light up and horizontal with wave
Letterlike & technical	⏉	dentistry symbol light down and horizontal
Letterlike & technical	⏊	dentistry symbol light up and horizontal
Letterlike & technical	⏋	dentistry symbol light vertical and top left
Letterlike & technical	⏌	dentistry symbol light vertical and bottom left
Letterlike & technical	⏍	square foot
Letterlike & technical	⏎	return symbol
Letterlike & technical	⏏	eject symbol
Letterlike & technical	⏐	vertical line extension
Letterlike & technical	⏑	metrical breve
Letterlike & technical	⏒	metrical long over short
Letterlike & technical	⏓	metrical short over long
Letterlike & technical	⏔	metrical long over two shorts
Letterlike & technical	⏕	metrical two shorts over long
Letterlike & technical	⏖	metrical two shorts joined
Letterlike & technical	⏗	metrical triseme
Letterlike & technical	⏘	metrical tetraseme
Letterlike & technical	⏙	metrical pentaseme
Letterlike & technical	⏚	earth ground
Letterlike & technical	⏛	fuse
Letterlike & technical	⏜	top parenthesis
Letterlike & technical	⏝	bottom parenthesis
Letterlike & technical	⏞	top curly bracket
Letterlike & technical	⏟	bottom curly bracket
Letterlike & technical	⏠	top tortoise shell bracket
Letterlike & technical	⏡	bottom tortoise shell bracket
Letterlike & technical	⏢	white trapezium
Letterlike & technical	⏣	benzene ring with circle
Letterlike & technical	⏤	straightness
Letterlike & technical	⏥	flatness
Letterlike & technical	⏦	ac current
Letterlike & technical	⏧	electrical intersection
Letterlike & technical	⏨	decimal exponent symbol
Letterlike & technical	⏭	black right-pointing double triangle with vertical bar
Letterlike & technical	⏮	black left-pointing double triangle with vertical bar
Letterlike & technical	⏯	black right-pointing triangle with double vertical bar
Letterlike & technical	⏱	stopwatch
Letterlike & technical	⏲	timer clock
Letterlike & technical	⏴	black medium left-pointing triangle
Letterlike & technical	⏵	black medium right-pointing triangle
Letterlike & technical	⏶	black medium up-pointing triangle
Letterlike & technical	⏷	black medium down-pointing triangle
Letterlike & technical	⏸	double vertical bar
Letterlike & technical	⏹	black square for stop
Letterlike & technical	⏺	black circle for record
Letterlike & technical	⏻	power symbol
Letterlike & technical	⏼	power on-off symbol
Letterlike & technical	⏽	power on symbol
Letterlike & technical	⏾	power sleep symbol
Letterlike & technical	⏿	observer eye symbol
Latin accented	À	latin capital letter a with grave
Latin accented	Á	latin capital letter a with acute
Latin accented	Â	latin capital letter a with circumflex
Latin accented	Ã	latin capital letter a with tilde
Latin accented	Ä	latin capital letter a with diaeresis
Latin accented	Å	latin capital letter a with ring above
Latin accented	Æ	latin capital letter ae
Latin accented	Ç	latin capital letter c with cedilla
Latin accented	È	latin capital letter e with grave
Latin accented	É	latin capital letter e with acute
Latin accented	Ê	latin capital letter e with circumflex
Latin accented	Ë	latin capital letter e with diaeresis
Latin accented	Ì	latin capital letter i with grave
Latin accented	Í	latin capital letter i with acute
Latin accented	Î	latin capital letter i with circumflex
Latin accented	Ï	latin capital letter i with diaeresis
Latin accented	Ð	latin capital letter eth
Latin accented	Ñ	latin capital letter n with tilde
Latin accented	Ò	latin capital letter o with grave
Latin accented	Ó	latin capital letter o with acute
Latin accented	Ô	latin capital letter o with circumflex
Latin accented	Õ	latin capital letter o with tilde
Latin accented	Ö	latin capital letter o with diaeresis
Latin accented	Ø	latin capital letter o with stroke
Latin accented	Ù	latin capital letter u with grave
Latin accented	Ú	latin capital letter u with acute
Latin accented	Û	latin capital letter u with circumflex
Latin accented	Ü	latin capital letter u with diaeresis
Latin accented	Ý	latin capital letter y with acute
Latin accented	Þ	latin capital letter thorn
Latin accented	ß	latin small letter sharp s
Latin accented	à	latin small letter a with grave
Latin accented	á	latin small letter a with acute
Latin accented	â	latin small letter a with circumflex
Latin accented	ã	latin small letter a with tilde
Latin accented	ä	latin small letter a with diaeresis
Latin accented	å	latin small letter a with ring above
Latin accented	æ	latin small letter ae
Latin accented	ç	latin small letter c with cedilla
Latin accented	è	latin small letter e with grave
Latin accented	é	latin small letter e with acute
Latin accented	ê	latin small letter e with circumflex
Latin accented	ë	latin small letter e with diaeresis
Latin accented	ì	latin small letter i with grave
Latin accented	í	latin small letter i with acute
Latin accented	î	latin small letter i with circumflex
Latin accented	ï	latin small letter i with diaeresis
Latin accented	ð	latin small letter eth
Latin accented	ñ	latin small letter n with tilde
Latin accented	ò	latin small letter o with grave
Latin accented	ó	latin small letter o with acute
Latin accented	ô	latin small letter o with circumflex
Latin accented	õ	latin small letter o with tilde
Latin accented	ö	latin small letter o with diaeresis
Latin accented	ø	latin small letter o with stroke
Latin accented	ù	latin small letter u with grave
Latin accented	ú	latin small letter u with acute
Latin accented	û	latin small letter u with circumflex
Latin accented	ü	latin small letter u with diaeresis
Latin accented	ý	latin small letter y with acute
Latin accented	þ	latin small letter thorn
Latin accented	ÿ	latin small letter y with diaeresis
Latin accented	Ā	latin capital letter a with macron
Latin accented	ā	latin small letter a with macron
Latin accented	Ă	latin capital letter a with breve
Latin accented	ă	latin small letter a with breve
Latin accented	Ą	latin capital letter a with ogonek
Latin accented	ą	latin small letter a with ogonek
Latin accented	Ć	latin capital letter c with acute
Latin accented	ć	latin small letter c with acute
Latin accented	Ĉ	latin capital letter c with circumflex
Latin accented	ĉ	latin small letter c with circumflex
Latin accented	Ċ	latin capital letter c with dot above
Latin accented	ċ	latin small letter c with dot above
Latin accented	Č	latin capital letter c with caron
Latin accented	č	latin small letter c with caron
Latin accented	Ď	latin capital letter d with caron
Latin accented	ď	latin small letter d with caron
Latin accented	Đ	latin capital letter d with stroke
Latin accented	đ	latin small letter d with stroke
Latin accented	Ē	latin capital letter e with macron
Latin accented	ē	latin small letter e with macron
Latin accented	Ĕ	latin capital letter e with breve
Latin accented	ĕ	latin small letter e with breve
Latin accented	Ė	latin capital letter e with dot above
Latin accented	ė	latin small letter e with dot above
Latin accented	Ę	latin capital letter e with ogonek
Latin accented	ę	latin small letter e with ogonek
Latin accented	Ě	latin capital letter e with caron
Latin accented	ě	latin small letter e with caron
Latin accented	Ĝ	latin capital letter g with circumflex
Latin accented	ĝ	latin small letter g with circumflex
Latin accented	Ğ	latin capital letter g with breve
Latin accented	ğ	latin small letter g with breve
Latin accented	Ġ	latin capital letter g with dot above
Latin accented	ġ	latin small letter g with dot above
Latin accented	Ģ	latin capital letter g with cedilla
Latin accented	ģ	latin small letter g with cedilla
Latin accented	Ĥ	latin capital letter h with circumflex
Latin accented	ĥ	latin small letter h with circumflex
Latin accented	Ħ	latin capital letter h with stroke
Latin accented	ħ	latin small letter h with stroke
Latin accented	Ĩ	latin capital letter i with tilde
Latin accented	ĩ	latin small letter i with tilde
Latin accented	Ī	latin capital letter i with macron
Latin accented	ī	latin small letter i with macron
Latin accented	Ĭ	latin capital letter i with breve
Latin accented	ĭ	latin small letter i with breve
Latin accented	Į	latin capital letter i with ogonek
Latin accented	į	latin small letter i with ogonek
Latin accented	İ	latin capital letter i with dot above
Latin accented	ı	latin small letter dotless i
Latin accented	Ĳ	latin capital ligature ij
Latin accented	ĳ	latin small ligature ij
Latin accented	Ĵ	latin capital letter j with circumflex
Latin accented	ĵ	latin small letter j with circumflex
Latin accented	Ķ	latin capital letter k with cedilla
Latin accented	ķ	latin small letter k with cedilla
Latin accented	ĸ	latin small letter kra
Latin accented	Ĺ	latin capital letter l with acute
Latin accented	ĺ	latin small letter l with acute
Latin accented	Ļ	latin capital letter l with cedilla
Latin accented	ļ	latin small letter l with cedilla
Latin accented	Ľ	latin capital letter l with caron
Latin accented	ľ	latin small letter l with caron
Latin accented	Ŀ	latin capital letter l with middle dot
Latin accented	ŀ	latin small letter l with middle dot
Latin accented	Ł	latin capital letter l with stroke
Latin accented	ł	latin small letter l with stroke
Latin accented	Ń	latin capital letter n with acute
Latin accented	ń	latin small letter n with acute
Latin accented	Ņ	latin capital letter n with cedilla
Latin accented	ņ	latin small letter n with cedilla
Latin accented	Ň	latin capital letter n with caron
Latin accented	ň	latin small letter n with caron
Latin accented	ŉ	latin small letter n preceded by apostrophe
Latin accented	Ŋ	latin capital letter eng
Latin accented	ŋ	latin small letter eng
Latin accented	Ō	latin capital letter o with macron
Latin accented	ō	latin small letter o with macron
Latin accented	Ŏ	latin capital letter o with breve
Latin accented	ŏ	latin small letter o with breve
Latin accented	Ő	latin capital letter o with double acute
Latin accented	ő	latin small letter o with double acute
Latin accented	Œ	latin capital ligature oe
Latin accented	œ	latin small ligature oe
Latin accented	Ŕ	latin capital letter r with acute
Latin accented	ŕ	latin small letter r with acute
Latin accented	Ŗ	latin capital letter r with cedilla
Latin accented	ŗ	latin small letter r with cedilla
Latin accented	Ř	latin capital letter r with caron
Latin accented	ř	latin small letter r with caron
Latin accented	Ś	latin capital letter s with acute
Latin accented	ś	latin small letter s with acute
Latin accented	Ŝ	latin capital letter s with circumflex
Latin accented	ŝ	latin small letter s with circumflex
Latin accented	Ş	latin capital letter s with cedilla
Latin accented	ş	latin small letter s with cedilla
Latin accented	Š	latin capital letter s with caron
Latin accented	š	latin small letter s with caron
Latin accented	Ţ	latin capital letter t with cedilla
Latin accented	ţ	latin small letter t with cedilla
Latin accented	Ť	latin capital letter t with caron
Latin accented	ť	latin small letter t with caron
Latin accented	Ŧ	latin capital letter t with stroke
Latin accented	ŧ	latin small letter t with stroke
Latin accented	Ũ	latin capital letter u with tilde
Latin accented	ũ	latin small letter u with tilde
Latin accented	Ū	latin capital letter u with macron
Latin accented	ū	latin small letter u with macron
Latin accented	Ŭ	latin capital letter u with breve
Latin accented	ŭ	latin small letter u with breve
Latin accented	Ů	latin capital letter u with ring above
Latin accented	ů	latin small letter u with ring above
Latin accented	Ű	latin capital letter u with double acute
Latin accented	ű	latin small letter u with double acute
Latin accented	Ų	latin capital letter u with ogonek
Latin accented	ų	latin small letter u with ogonek
Latin accented	Ŵ	latin capital letter w with circumflex
Latin accented	ŵ	latin small letter w with circumflex
Latin accented	Ŷ	latin capital letter y with circumflex
Latin accented	ŷ	latin small letter y with circumflex
Latin accented	Ÿ	latin capital letter y with diaeresis
Latin accented	Ź	latin capital letter z with acute
Latin accented	ź	latin small letter z with acute
Latin accented	Ż	latin capital letter z with dot above
Latin accented	ż	latin small letter z with dot above
Latin accented	Ž	latin capital letter z with caron
Latin accented	ž	latin small letter z with caron
Latin accented	ſ	latin small letter long s
Greek	Α	greek capital letter alpha
Greek	Β	greek capital letter beta
Greek	Γ	greek capital letter gamma
Greek	Δ	greek capital letter delta
Greek	Ε	greek capital letter epsilon
Greek	Ζ	greek capital letter zeta
Greek	Η	greek capital letter eta
Greek	Θ	greek capital letter theta
Greek	Ι	greek capital letter iota
Greek	Κ	greek capital letter kappa
Greek	Λ	greek capital letter lamda
Greek	Μ	greek capital letter mu
Greek	Ν	greek capital letter nu
Greek	Ξ	greek capital letter xi
Greek	Ο	greek capital letter omicron
Greek	Π	greek capital letter pi
Greek	Ρ	greek capital letter rho
Greek	Σ	greek capital letter sigma
Greek	Τ	greek capital letter tau
Greek	Υ	greek capital letter upsilon
Greek	Φ	greek capital letter phi
Greek	Χ	greek capital letter chi
Greek	Ψ	greek capital letter psi
Greek	Ω	greek capital letter omega
Greek	α	greek small letter alpha
Greek	β	greek small letter beta
Greek	γ	greek small letter gamma
Greek	δ	greek small letter delta
Greek	ε	greek small letter epsilon
Greek	ζ	greek small letter zeta
Greek	η	greek small letter eta
Greek	θ	greek small letter theta
Greek	ι	greek small letter iota
Greek	κ	greek small letter kappa
Greek	λ	greek small letter lamda
Greek	μ	greek small letter mu
Greek	ν	greek small letter nu
Greek	ξ	greek small letter xi
Greek	ο	greek small letter omicron
Greek	π	greek small letter pi
Greek	ρ	greek small letter rho
Greek	ς	greek small letter final sigma
Greek	σ	greek small letter sigma
Greek	τ	greek small letter tau
Greek	υ	greek small letter upsilon
Greek	φ	greek small letter phi
Greek	χ	greek small letter chi
Greek	ψ	greek small letter psi
Greek	ω	greek small letter omega
Box & blocks	─	box drawings light horizontal
Box & blocks	━	box drawings heavy horizontal
Box & blocks	│	box drawings light vertical
Box & blocks	┃	box drawings heavy vertical
Box & blocks	┄	box drawings light triple dash horizontal
Box & blocks	┅	box drawings heavy triple dash horizontal
Box & blocks	┆	box drawings light triple dash vertical
Box & blocks	┇	box drawings heavy triple dash vertical
Box & blocks	┈	box drawings light quadruple dash horizontal
Box & blocks	┉	box drawings heavy quadruple dash horizontal
Box & blocks	┊	box drawings light quadruple dash vertical
Box & blocks	┋	box drawings heavy quadruple dash vertical
Box & blocks	┌	box drawings light down and right
Box & blocks	┍	box drawings down light and right heavy
Box & blocks	┎	box drawings down heavy and right light
Box & blocks	┏	box drawings heavy down and right
Box & blocks	┐	box drawings light down and left
Box & blocks	┑	box drawings down light and left heavy
Box & blocks	┒	box drawings down heavy and left light
Box & blocks	┓	box drawings heavy down and left
Box & blocks	└	box drawings light up and right
Box & blocks	┕	box drawings up light and right heavy
Box & blocks	┖	box drawings up heavy and right light
Box & blocks	┗	box drawings heavy up and right
Box & blocks	┘	box drawings light up and left
Box & blocks	┙	box drawings up light and left heavy
Box & blocks	┚	box drawings up heavy and left light
Box & blocks	┛	box drawings heavy up and left
Box & blocks	├	box drawings light vertical and right
Box & blocks	┝	box drawings vertical light and right heavy
Box & blocks	┞	box drawings up heavy and right down light
Box & blocks	┟	box drawings down heavy and right up light
Box & blocks	┠	box drawings vertical heavy and right light
Box & blocks	┡	box drawings down light and right up heavy
Box & blocks	┢	box drawings up light and right down heavy
Box & blocks	┣	box drawings heavy vertical and right
Box & blocks	┤	box drawings light vertical and left
Box & blocks	┥	box drawings vertical light and left heavy
Box & blocks	┦	box drawings up heavy and left down light
Box & blocks	┧	box drawings down heavy and left up light
Box & blocks	┨	box drawings vertical heavy and left light
Box & blocks	┩	box drawings down light and left up heavy
Box & blocks	┪	box drawings up light and left down heavy
Box & blocks	┫	box drawings heavy vertical and left
Box & blocks	┬	box drawings light down and horizontal
Box & blocks	┭	box drawings left heavy and right down light
Box & blocks	┮	box drawings right heavy and left down light
Box & blocks	┯	box drawings down light and horizontal heavy
Box & blocks	┰	box drawings down heavy and horizontal light
Box & blocks	┱	box drawings right light and left down heavy
Box & blocks	┲	box drawings left light and right down heavy
Box & blocks	┳	box drawings heavy down and horizontal
Box & blocks	┴	box drawings light up and horizontal
Box & blocks	┵	box drawings left heavy and right up light
Box & blocks	┶	box drawings right heavy and left up light
Box & blocks	┷	box drawings up light and horizontal heavy
Box & blocks	┸	box drawings up heavy and horizontal light
Box & blocks	┹	box drawings right light and left up heavy
Box & blocks	┺	box drawings left light and right up heavy
Box & blocks	┻	box drawings heavy up and horizontal
Box & blocks	┼	box drawings light vertical and horizontal
Box & blocks	┽	box drawings left heavy and right vertical light
Box & blocks	┾	box drawings right heavy and left vertical light
Box & blocks	┿	box drawings vertical light and horizontal heavy
Box & blocks	╀	box drawings up heavy and down horizontal light
Box & blocks	╁	box drawings down heavy and up horizontal light
Box & blocks	╂	box drawings vertical heavy and horizontal light
Box & blocks	╃	box drawings left up heavy and right down light
Box & blocks	╄	box drawings right up heavy and left down light
Box & blocks	╅	box drawings left down heavy and right up light
Box & blocks	╆	box drawings right down heavy and left up light
Box & blocks	╇	box drawings down light and up horizontal heavy
Box & blocks	╈	box drawings up light and down horizontal heavy
Box & blocks	╉	box drawings right light and left vertical heavy
Box & blocks	╊	box drawings left light and right vertical heavy
Box & blocks	╋	box drawings heavy vertical and horizontal
Box & blocks	╌	box drawings light double dash horizontal
Box & blocks	╍	box drawings heavy double dash horizontal
Box & blocks	╎	box drawings light double dash vertical
Box & blocks	╏	box drawings heavy double dash vertical
Box & blocks	═	box drawings double horizontal
Box & blocks	║	box drawings double vertical
Box & blocks	╒	box drawings down single and right double
Box & blocks	╓	box drawings down double and right single
Box & blocks	╔	box drawings double down and right
Box & blocks	╕	box drawings down single and left double
Box & blocks	╖	box drawings down double and left single
Box & blocks	╗	box drawings double down and left
Box & blocks	╘	box drawings up single and right double
Box & blocks	╙	box drawings up double and right single
Box & blocks	╚	box drawings double up and right
Box & blocks	╛	box drawings up single and left double
Box & blocks	╜	box drawings up double and left single
Box & blocks	╝	box drawings double up and left
Box & blocks	╞	box drawings vertical single and right double
Box & blocks	╟	box drawings vertical double and right single
Box & blocks	╠	box drawings double vertical and right
Box & blocks	╡	box drawings vertical single and left double
Box & blocks	╢	box drawings vertical double and left single
Box & blocks	╣	box drawings double vertical and left
Box & blocks	╤	box drawings down single and horizontal double
Box & blocks	╥	box drawings down double and horizontal single
Box & blocks	╦	box drawings double down and horizontal
Box & blocks	╧	box drawings up single and horizontal double
Box & blocks	╨	box drawings up double and horizontal single
Box & blocks	╩	box drawings double up and horizontal
Box & blocks	╪	box drawings vertical single and horizontal double
Box & blocks	╫	box drawings vertical double and horizontal single
Box & blocks	╬	box drawings double vertical and horizontal
Box & blocks	╭	box drawings light arc down and right
Box & blocks	╮	box drawings light arc down and left
Box & blocks	╯	box drawings light arc up and left
Box & blocks	╰	box drawings light arc up and right
Box & blocks	╱	box drawings light diagonal upper right to lower left
Box & blocks	╲	box drawings light diagonal upper left to lower right
Box & blocks	╳	box drawings light diagonal cross
Box & blocks	╴	box drawings light left
Box & blocks	╵	box drawings light up
Box & blocks	╶	box drawings light right
Box & blocks	╷	box drawings light down
Box & blocks	╸	box drawings heavy left
Box & blocks	╹	box drawings heavy up
Box & blocks	╺	box drawings heavy right
Box & blocks	╻	box drawings heavy down
Box & blocks	╼	box drawings light left and heavy right
Box & blocks	╽	box drawings light up and heavy down
Box & blocks	╾	box drawings heavy left and light right
Box & blocks	╿	box drawings heavy up and light down
Box & blocks	▀	upper half block
Box & blocks	▁	lower one eighth block
Box & blocks	▂	lower one quarter block
Box & blocks	▃	lower three eighths block
Box & blocks	▄	lower half block
Box & blocks	▅	lower five eighths block
Box & blocks	▆	lower three quarters block
Box & blocks	▇	lower seven eighths block
Box & blocks	█	full block
Box & blocks	▉	left seven eighths block
Box & blocks	▊	left three quarters block
Box & blocks	▋	left five eighths block
Box & blocks	▌	left half block
Box & blocks	▍	left three eighths block
Box & blocks	▎	left one quarter block
Box & blocks	▏	left one eighth block
Box & blocks	▐	right half block
Box & blocks	░	light shade
Box & blocks	▒	medium shade
Box & blocks	▓	dark shade
Box & blocks	▔	upper one eighth block
Box & blocks	▕	right one eighth block
Box & blocks	▖	quadrant lower left
Box & blocks	▗	quadrant lower right
Box & blocks	▘	quadrant upper left
Box & blocks	▙	quadrant upper left and lower left and lower right
Box & blocks	▚	quadrant upper left and lower right
Box & blocks	▛	quadrant upper left and upper right and lower left
Box & blocks	▜	quadrant upper left and upper right and lower right
Box & blocks	▝	quadrant upper right
Box & blocks	▞	quadrant upper right and lower left
Box & blocks	▟	quadrant upper right and lower left and lower right
